timestamp,value,is_anomaly
450,0.5516666666666666,0
1350,0.6950000000000001,0
2250,0.475,0
3150,0.76,0
4050,0.5700000000000001,0
4950,0.62,0
5850,0.3716666666666667,0
6750,0.33999999999999997,0
7650,0.29000000000000004,0
8550,0.335,0
9450,0.4316666666666667,0
10350,0.5233333333333333,0
11250,0.24666666666666667,0
12150,0.7483333333333333,0
13050,0.5966666666666666,0
13950,0.4683333333333334,0
14850,0.38666666666666666,0
15750,0.29,0
16650,0.245,0
17550,0.24833333333333335,0
18450,0.4266666666666667,0
19350,0.24000000000000002,0
20250,0.28502292239726595,0
21150,0.3366666666666667,0
22050,0.44166666666666665,0
22950,0.2866666666666667,0
23850,0.29000000000000004,0
24750,0.4216666666666667,0
25650,0.345,0
26550,0.3333333333333333,0
27450,0.29,0
28350,0.47,0
29250,0.2783333333333333,0
30150,0.36166666666666664,0
31050,0.535,0
31950,0.6466666666666666,0
32850,0.335,0
33750,0.4266666666666667,0
34650,0.14166666666666666,0
35550,0.38999999999999996,0
36450,0.43,0
37350,0.38333333333333336,0
38250,0.6516666666666667,0
39150,0.7100000000000001,0
40050,0.8366666666666667,0
40950,0.48333333333333334,0
41850,0.38833333333333336,0
42750,0.47500041677085936,0
43650,0.8566666666666667,0
44550,0.43833333333333335,0
45450,0.5666666666666667,0
46350,0.4866666666666667,0
47250,0.6116666666666667,0
48150,0.6166666666666667,0
49050,0.8416666666666667,0
49950,0.38166666666666665,0
50850,0.8766666666666667,0
51750,0.39499999999999996,0
52650,0.7533333333333334,0
53550,0.7433333333333334,0
54450,0.8016666666666666,0
55350,0.7550000000000001,0
56250,0.6633333333333333,0
57150,0.6600004167708594,0
58050,0.9816666666666668,0
58950,0.715,0
59850,0.8866666666666667,0
60750,0.6133333333333333,0
61650,0.615,0
62550,0.6716666666666666,0
63450,1.0616666666666668,0
64350,0.7916666666666666,0
65250,0.5216666666666667,0
66150,0.8566666666666667,0
67050,0.6066666666666667,0
67950,0.5666666666666667,0
68850,0.5716666666666668,0
69750,0.2866666666666667,0
70650,0.29,0
71550,0.5616666666666668,0
72450,0.4233333333333333,0
73350,0.475,0
74250,0.425,0
75150,0.7083333333333334,0
76050,0.6533333333333334,0
76950,0.42833333333333334,0
77850,0.26333333333333336,0
78750,0.30333333333333334,0
79650,0.09666666666666666,0
80550,0.335,0
81450,0.39499999999999996,0
82350,0.285,0
83250,0.15,0
84150,0.385,0
85050,0.3400120863549221,0
85950,0.56,0
86850,0.47,0
87750,0.4716666666666667,0
88650,0.48166666666666663,0
89550,0.24000000000000002,0
90450,0.575,0
91350,0.4216666666666667,0
92250,0.2916666666666667,0
93150,0.5216666666666667,0
94050,0.5266666666666667,0
94950,0.8383333333333333,0
95850,0.7033333333333334,0
96750,0.6683333333333333,0
97650,0.5766666666666667,0
98550,0.6116666666666667,0
99450,1.005,0
100350,0.5183423351336934,0
101250,0.9866666666666667,0
102150,0.62,0
103050,0.4716666666666667,0
103950,0.6616666666666667,0
104850,0.5616666666666668,0
105750,0.39,0
106650,0.6116666666666667,0
107550,0.6566666666666666,0
108450,0.7133333333333333,0
109350,0.4233333333333333,0
110250,0.6583333333333333,0
111150,0.5716666666666667,0
112050,0.5216666666666667,0
112950,0.5116666666666666,0
113850,0.6683333333333333,0
114750,0.6283333333333334,0
115650,0.8450000000000001,0
116550,0.6083333333333333,0
117450,0.605,0
118350,0.5166666666666667,0
119250,0.61,0
120150,0.38333333333333336,0
121050,0.29168117101797203,0
121950,0.6616666666666667,0
122850,0.61,0
123750,0.6166666666666667,0
124650,0.39,0
125550,0.5866736677168242,0
126450,0.7166666666666667,0
127350,0.5566666666666666,0
128250,0.33499999999999996,0
129150,0.48333333333333334,0
130050,0.6266666666666667,0
130950,0.29,0
131850,0.435,0
132750,0.6616666666666667,0
133650,0.7066666666666667,0
134550,0.5200397004120169,0
135450,0.525,0
136350,0.2416666666666667,0
137250,0.4766666666666667,0
138150,0.7916666666666666,0
139050,0.565,0
139950,0.42833333333333334,0
140850,0.415,0
141750,0.385,0
142650,0.7400112528132033,0
143550,0.4733333333333334,0
144450,0.6283333333333333,0
145350,0.8433333333333334,0
146250,0.8116666666666668,0
147150,0.66,0
148050,0.7566666666666666,0
148950,1.02,0
149850,0.5750004167708593,0
150750,0.7016666666666667,0
151650,0.9766666666666667,0
152550,1.0333333333333334,0
153450,0.7466666666666667,0
154350,0.6133333333333333,0
155250,0.75,0
156150,0.7566666666666666,0
157050,0.8566666666666667,0
157950,0.74,0
158850,0.705,0
159750,0.615,0
160650,0.6316666666666666,0
161550,0.6283333333333334,0
162450,0.7200000000000001,0
163350,0.6933333333333334,0
164250,0.7583426685337068,0
165150,0.8383333333333334,0
166050,0.4683333333333334,0
166950,0.615,0
167850,0.7033333333333334,0
168750,0.9783333333333334,0
169650,0.7966666666666666,0
170550,0.6050000000000001,0
171450,0.6116670834375261,0
172350,0.855,0
173250,0.715,0
174150,0.6633333333333333,0
175050,0.5716666666666667,0
175950,0.8366666666666667,0
176850,0.4766666666666667,0
177750,0.7166666666666667,0
178650,0.83,0
179550,0.745,0
180450,0.8800000000000001,0
181350,0.5700000000000001,0
182250,0.8049999999999999,0
183150,0.52,0
184050,0.8083333333333333,0
184950,1.0533333333333335,0
185850,0.3900112528132033,0
186750,0.6649999999999999,0
187650,0.935,0
188550,0.8783333333333334,0
189450,0.6183333333333334,0
190350,0.8516666666666667,0
191250,0.7966666666666666,0
192150,0.4816666666666667,0
193050,0.38166666666666665,0
193950,0.43166666666666664,0
194850,0.6916666666666667,0
195750,0.8866666666666667,0
196650,0.6583333333333333,0
197550,0.7016666666666667,0
198450,0.5333333333333333,0
199350,0.7083333333333334,0
200250,0.6966666666666667,0
201150,0.38499999999999995,0
202050,0.3516666666666667,0
202950,0.28833333333333333,0
203850,0.47333333333333333,0
204750,0.24833333333333335,0
205650,0.29,0
206550,0.19833333333333333,0
207450,0.14666666666666667,0
208350,0.30833333333333335,0
209250,0.2833333333333333,0
210150,0.35333333333333333,0
211050,0.593326334383176,0
211950,0.24500000000000002,0
212850,0.5800000000000001,0
213750,0.39499999999999996,0
214650,0.4050000000000001,0
215550,0.8699903352662801,0
216450,0.5366666666666667,0
217350,0.78,0
218250,0.43499999999999994,0
219150,0.5816666666666667,0
220050,0.45,0
220950,0.5316666666666667,0
221850,0.5266666666666667,0
222750,0.44500000000000006,0
223650,0.2916666666666667,0
224550,0.44333333333333336,0
225450,0.3983333333333334,0
226350,0.625,0
227250,0.38333333333333336,0
228150,0.28833333333333333,0
229050,0.47333333333333333,0
229950,0.4733333333333334,0
230850,0.47,0
231750,0.48666666666666664,0
232650,0.4683333333333334,0
233550,0.5666666666666667,0
234450,0.745,0
235350,0.65,0
236250,0.5133333333333333,0
237150,0.5650004167708593,0
238050,0.5716666666666667,0
238950,0.6633333333333333,0
239850,0.6516666666666667,0
240750,0.38,0
241650,0.5700000000000001,0
242550,0.4783403343834909,0
243450,0.47,0
244350,0.6683333333333333,0
245250,0.76,0
246150,0.6549999999999999,0
247050,0.33666666666666667,0
247950,0.43666666666666665,0
248850,0.2833333333333333,0
249750,0.47333333333333333,0
250650,0.29000000000000004,0
251550,0.53,0
252450,0.31,0
253350,0.42,0
254250,0.2866666666666667,0
255150,0.48000000000000004,0
256050,0.43,0
256950,0.495,0
257850,0.38833333333333336,0
258750,0.3450135040512154,0
259650,0.3766666666666667,0
260550,0.375,0
261450,0.5816666666666667,0
262350,0.3516666666666667,0
263250,0.52,0
264150,0.31,0
265050,0.3333333333333333,0
265950,0.7,0
266850,0.38333333333333336,0
267750,0.38,0
268650,0.33666666666666667,0
269550,0.42833333333333334,0
270450,0.33666666666666667,0
271350,0.335,0
272250,0.37668067086792706,0
273150,0.4533333333333333,0
274050,0.75,0
274950,0.23833333333333334,0
275850,0.6549999999999999,0
276750,0.4716666666666667,0
277650,0.38499999999999995,0
278550,0.4266666666666667,0
279450,0.33666666666666667,0
280350,0.14833333333333334,0
281250,0.3333333333333333,0
282150,0.4716666666666667,0
283050,0.4733333333333334,0
283950,0.5266666666666667,0
284850,0.5683333333333334,0
285750,0.56,0
286650,0.6583333333333333,0
287550,0.7016666666666667,0
288450,0.66,0
289350,0.4283193375320737,0
290250,0.5199850044986504,0
291150,0.7466666666666666,0
292050,0.7233333333333333,0
292950,0.4766666666666667,0
293850,0.5749905018829584,0
294750,0.6566666666666666,0
295650,0.5783333333333334,0
296550,0.5616666666666668,0
297450,0.4766666666666667,0
298350,0.8466666666666666,0
299250,0.38,0
300150,0.2366666666666667,0
301050,0.3283333333333333,0
301950,0.42833333333333334,0
302850,0.155,0
303750,0.18666666666666668,0
304650,0.14833333333333334,0
305550,0.44333333333333336,0
306450,0.5616666666666668,0
307350,0.5666787530215888,0
308250,0.66,0
309150,0.7916666666666666,0
310050,0.9833333333333333,0
310950,0.6716666666666667,0
311850,0.6266666666666667,0
312750,0.4516666666666667,0
313650,0.5633333333333332,0
314550,0.56,0
315450,0.4866666666666667,0
316350,0.335,0
317250,0.4316666666666667,0
318150,0.3766666666666667,0
319050,0.28500000000000003,0
319950,0.6216666666666667,0
320850,0.49,0
321750,0.4216666666666667,0
322650,0.4233333333333333,0
323550,0.4916715004833817,0
324450,0.2016666666666667,0
325350,0.5700000000000001,0
326250,0.5933333333333334,0
327150,0.2916666666666667,0
328050,0.38499999999999995,0
328950,0.20666666666666667,0
329850,0.15,0
330750,0.14833333333333334,0
331650,0.25166666666666665,0
332550,0.3533333333333334,0
333450,0.44000000000000006,0
334350,0.44833333333333336,0
335250,0.4516666666666667,0
336150,0.49500000000000005,0
337050,0.7300000000000001,0
337950,0.6450129198966408,0
338850,0.63,0
339750,0.9616666666666667,0
340650,0.7833333333333333,0
341550,0.67,0
342450,0.5483333333333333,0
343350,0.48833333333333334,0
344250,0.41500000000000004,0
345150,0.5066666666666667,0
346050,0.49333333333333335,0
346950,0.9166666666666666,0
347850,0.6366666666666667,0
348750,0.6883333333333332,0
349650,0.6866666666666668,0
350550,0.9683333333333334,0
351450,0.6316666666666666,0
352350,0.7266666666666667,0
353250,0.9699879196867449,0
354150,0.6833333333333333,0
355050,0.49833333333333335,0
355950,0.6783333333333333,0
356850,0.725,0
357750,0.7266666666666667,0
358650,0.6883426685337068,0
359550,0.7216666666666668,0
360450,0.5933333333333334,0
361350,0.7833333333333333,0
362250,0.6733333333333333,0
363150,0.6783333333333333,0
364050,0.5883333333333334,0
364950,0.935,0
365850,0.7216666666666668,0
366750,0.8300000000000001,0
367650,0.7283333333333334,0
368550,0.6766666666666666,0
369450,0.4833333333333334,0
370350,0.28833333333333333,0
371250,0.38833333333333336,0
372150,0.33999999999999997,0
373050,0.4666666666666667,0
373950,0.3116666666666667,0
374850,0.705,0
375750,0.4266666666666667,0
376650,0.4316666666666667,0
377550,0.48000000000000004,0
378450,0.2016666666666667,0
379350,0.44333333333333336,0
380250,0.48833333333333334,0
381150,0.6066666666666667,0
382050,0.24666666666666667,0
382950,0.39166666666666666,0
383850,0.20000000000000004,0
384750,0.53,0
385650,0.33499999999999996,0
386550,0.44833333333333336,0
387450,0.5816763352670534,0
388350,0.34833333333333333,0
389250,0.5416666666666666,0
390150,0.5016666666666667,0
391050,0.5800000000000001,0
391950,0.6833333333333333,0
392850,0.7200000000000001,0
393750,0.8816763352670535,0
394650,0.5416666666666666,0
395550,0.5833333333333334,0
396450,0.7783333333333334,0
397350,0.6533333333333334,0
398250,0.3533333333333334,0
399150,0.7716666666666667,0
400050,0.4266666666666667,0
400950,0.5716666666666668,0
401850,0.8916666666666667,0
402750,0.7533333333333334,0
403650,0.935,0
404550,0.745,0
405450,0.33666666666666667,0
406350,0.2966666666666667,0
407250,0.6466666666666666,0
408150,0.7100000000000001,0
409050,0.7949999999999999,0
409950,0.4633618418858991,0
410850,0.42833333333333334,0
411750,0.6033333333333334,0
412650,0.6116666666666667,0
413550,0.7966666666666666,0
414450,0.6583333333333333,0
415350,0.52,0
416250,0.6133333333333334,0
417150,0.5783333333333334,0
418050,0.525,0
418950,0.29333333333333333,0
419850,0.3799900019662768,0
420750,0.44333333333333336,0
421650,0.2366666666666667,0
422550,0.6366666666666667,0
423450,0.39166666666666666,0
424350,0.49333333333333335,0
425250,0.3783333333333333,0
426150,0.4766666666666667,0
427050,0.27666666666666667,0
427950,0.145,0
428850,0.43333333333333335,0
429750,0.435,0
430650,0.5716666666666668,0
431550,0.3,0
432450,0.2516666666666667,0
433350,0.43666666666666665,0
434250,0.33666666666666667,0
435150,0.4666666666666667,0
436050,0.2916666666666667,0
436950,0.5416666666666666,0
437850,0.4216666666666667,0
438750,0.2966666666666667,0
439650,0.6816666666666666,0
440550,0.49000000000000005,0
441450,0.4533333333333333,0
442350,0.6300000000000001,0
443250,0.5533333333333333,0
444150,0.245,0
445050,0.15333333333333332,0
445950,0.43833333333333335,0
446850,0.37666666666666665,0
447750,0.6633333333333333,0
448650,0.2833333333333333,0
449550,0.33,0
450450,0.38666666666666666,0
451350,0.3766666666666667,0
452250,0.605,0
453150,0.3350002500375056,0
454050,0.4816666666666667,0
454950,0.4933330000666533,0
455850,0.3516666666666667,0
456750,0.4366666666666667,0
457650,0.6116666666666667,0
458550,0.8883450029173959,0
459450,0.5833333333333334,0
460350,0.7683333333333333,0
461250,0.345,0
462150,0.49333333333333335,0
463050,0.31500000000000006,0
463950,0.56,0
464850,0.5683333333333334,0
465750,0.275,0
466650,0.710000500150045,0
467550,0.38,0
468450,0.24833333333333335,0
469350,0.61,0
470250,0.29,0
471150,0.375,0
472050,0.2816666666666667,0
472950,0.235,0
473850,0.42833333333333334,0
474750,0.48333333333333334,0
475650,0.41333333333333333,0
476550,0.3816666666666667,0
477450,0.6333333333333333,0
478350,0.6566666666666666,0
479250,0.7033333333333334,0
480150,0.48500000000000004,0
481050,0.4716666666666667,0
481950,0.7650000000000001,0
482850,0.6483333333333333,0
483750,0.25499966673332003,0
484650,0.24666666666666667,0
485550,0.5716666666666668,0
486450,0.375,0
487350,0.43833333333333335,0
488250,0.5616666666666668,0
489150,0.5716666666666667,0
490050,0.38333333333333336,0
490950,0.4666666666666667,0
491850,0.23833333333333334,0
492750,0.44,0
493650,0.4766666666666667,0
494550,0.29500000000000004,0
495450,0.38333333333333336,0
496350,0.3016666666666667,0
497250,0.33666666666666667,0
498150,0.8133333333333332,0
499050,0.6166666666666667,0
499950,0.5216666666666667,0
500850,0.32333333333333336,0
501750,0.38833333333333336,0
502650,0.155,0
503550,0.48666666666666664,0
504450,0.4716666666666667,0
505350,0.295,0
506250,0.19166666666666668,0
507150,0.33666666666666667,0
508050,0.31,0
508950,0.38666666666666666,0
509850,0.3,0
510750,0.4416666666666667,0
511650,0.8666666666666667,0
512550,0.49000000000000005,0
513450,0.5366666666666667,0
514350,0.48333333333333334,0
515250,0.2483326669332267,0
516150,0.5416666666666666,0
517050,0.4833333333333334,0
517950,0.39,0
518850,0.545,0
519750,0.62,0
520650,0.535,0
521550,0.3033333333333334,0
522450,0.3866666666666667,0
523350,0.73,0
524250,0.38,0
525150,0.5866666666666667,0
526050,0.43833333333333335,0
526950,0.535,0
527850,0.4633333333333333,0
528750,0.525,0
529650,0.48000000000000004,0
530550,0.40166666666666667,0
531450,0.535,0
532350,0.6216666666666666,0
533250,0.44833333333333336,0
534150,0.45333333333333337,0
535050,0.68,0
535950,0.675,0
536850,0.3483333333333334,0
537750,0.295,0
538650,0.38833333333333336,0
539550,0.25833333333333336,0
540450,0.4416666666666667,0
541350,0.675,0
542250,0.6666666666666666,0
543150,0.48833333333333334,0
544050,0.49166666666666664,0
544950,0.40166666666666667,0
545850,0.4033333333333333,0
546750,0.43,0
547650,0.7933333333333333,0
548550,0.34833333333333333,0
549450,0.76,0
550350,0.5466666666666666,0
551250,0.6716666666666666,0
552150,0.44,0
553050,0.475,0
553950,0.7533333333333334,0
554850,0.7883333333333333,0
555750,0.6183333333333334,0
556650,0.5716666666666667,0
557550,0.5266666666666666,0
558450,0.9183343336334233,0
559350,0.7816666666666667,0
560250,0.255,0
561150,0.6466666666666667,0
562050,0.8883333333333334,0
562950,0.47833333333333333,0
563850,0.65,0
564750,0.7083333333333334,0
565650,0.435,0
566550,0.49834266853370673,0
567450,0.5916666666666667,0
568350,0.5866666666666667,0
569250,0.32,0
570150,0.6033333333333334,0
571050,0.4066666666666667,0
571950,0.5883333333333334,0
572850,0.43666666666666665,0
573750,0.5716666666666667,0
574650,0.39166666666666666,0
575550,0.8833333333333333,0
576450,0.39333333333333337,0
577350,0.26,0
578250,1.095,0
579150,0.7266666666666667,0
580050,0.6216666666666666,0
580950,0.7166666666666667,0
581850,0.42833333333333334,0
582750,0.7266666666666667,0
583650,0.39499999999999996,0
584550,0.6583333333333333,0
585450,0.61,0
586350,0.6566666666666666,0
587250,0.5916666666666667,0
588150,0.5716666666666668,0
589050,0.76,0
589950,0.5683333333333334,0
590850,0.44000000000000006,0
591750,0.5866666666666667,0
592650,0.36166666666666664,0
593550,0.795,0
594450,0.6816666666666666,0
595350,0.8266666666666667,0
596250,0.5216666666666667,0
597150,0.34,0
598050,0.43666666666666665,0
598950,0.6300000000000001,0
599850,1.0116666666666667,0
600750,0.5416666666666666,0
601650,0.6916666666666667,0
602550,0.8183333333333334,0
603450,0.43333333333333335,0
604350,0.345,0
605250,0.44,0
606150,0.5700000000000001,0
607050,0.7283333333333334,0
607950,0.6283333333333334,0
608850,0.40167666866706675,0
609750,0.6083333333333333,0
610650,0.7200000000000001,0
611550,0.48000000000000004,0
612450,0.6166666666666667,0
613350,0.43333333333333335,0
614250,0.5333333333333333,0
615150,0.5433333333333333,0
616050,0.32166666666666666,0
616950,0.36666666666666664,0
617850,0.3466666666666667,0
618750,0.6233333333333333,0
619650,0.5133333333333333,0
620550,0.7783333333333334,0
621450,0.6416666666666667,0
622350,0.35,0
623250,0.36000000000000004,0
624150,0.525,0
625050,0.6466666666666667,0
625950,0.7133333333333333,0
626850,0.475,0
627750,0.4516666666666667,0
628650,0.5916666666666667,0
629550,0.3566666666666667,0
630450,0.5900000000000001,0
631350,0.5216666666666667,0
632250,0.8366666666666666,0
633150,0.8033333333333332,0
634050,0.38666666666666666,0
634950,0.31,0
635850,0.825,0
636750,0.5966666666666668,0
637650,0.45333333333333337,0
638550,0.43833333333333335,0
639450,0.6133333333333333,0
640350,0.8316666666666667,0
641250,0.7666666666666667,0
642150,0.29,0
643050,0.48833333333333334,0
643950,0.8216666666666668,0
644850,0.9700000000000001,0
645750,0.7983333333333333,0
646650,0.55,0
647550,0.39666666666666667,0
648450,0.5,0
649350,0.3383333333333333,0
650250,0.52,0
651150,0.7899999999999999,0
652050,0.3983333333333333,0
652950,0.545,0
653850,0.8333333333333334,0
654750,0.9133333333333333,0
655650,0.8183333333333334,0
656550,0.6883333333333334,0
657450,0.9133333333333334,0
658350,0.5850000000000001,0
659250,0.5916666666666667,0
660150,0.6833333333333333,0
661050,0.5916666666666667,0
661950,0.3,0
662850,0.20666666666666667,0
663750,0.20666666666666667,0
664650,0.20833333333333337,0
665550,0.24833333333333335,0
666450,0.7166666666666667,0
667350,0.6266666666666667,0
668250,0.5333333333333333,0
669150,0.58,0
670050,1.0616666666666668,0
670950,0.8333333333333334,0
671850,0.56,0
672750,0.44000000000000006,0
673650,0.3566666666666667,0
674550,0.38,0
675450,0.3433333333333334,0
676350,0.7166666666666667,0
677250,0.7116666666666667,0
678150,0.3950000000000001,0
679050,0.8283329167708072,0
679950,0.5033333333333334,0
680850,0.505,0
681750,0.5,0
682650,0.580004500450045,0
683550,0.6316666666666666,0
684450,0.75,0
685350,0.5666666666666667,0
686250,0.49833333333333335,0
687150,0.7366666666666667,0
688050,0.5333333333333333,0
688950,0.2016666666666667,0
689850,0.255,0
690750,0.6,0
691650,0.5833333333333334,0
692550,0.52,0
693450,0.43,0
694350,0.9150000000000001,0
695250,0.6433333333333333,0
696150,0.35,0
697050,0.29,0
697950,0.5416666666666666,0
698850,0.6216666666666667,0
699750,0.6133333333333333,0
700650,0.5616666666666668,0
701550,0.6866666666666668,0
702450,0.77,0
703350,0.6716666666666667,0
704250,0.5900000000000001,0
705150,0.5833333333333334,0
706050,0.44000000000000006,0
706950,0.25166666666666665,0
707850,0.45333333333333337,0
708750,0.34833333333333333,0
709650,0.495,0
710550,0.6933333333333334,0
711450,0.6799999999999999,0
712350,0.5366666666666667,0
713250,0.5383333333333334,0
714150,0.39666666666666667,0
715050,0.33666666666666667,0
715950,0.24500000000000002,0
716850,0.38666666666666666,0
717750,0.5266666666666667,0
718650,0.3433333333333334,0
719550,0.33666666666666667,0
720450,0.38166666666666665,0
721350,0.5233333333333333,0
722250,0.4733333333333334,0
723150,0.5683333333333334,0
724050,0.5283333333333334,0
724950,0.39666666666666667,0
725850,0.43333333333333335,0
726750,0.3466666666666667,0
727650,0.43,0
728550,0.3333333333333333,0
729450,0.15,0
730350,0.19166666666666668,0
731250,0.5316666666666666,0
732150,0.3816666666666667,0
733050,0.530000500150045,0
733950,0.38999999999999996,0
734850,0.25333333333333335,0
735750,0.145,0
736650,0.31,0
737550,0.38999999999999996,0
738450,0.15666666666666668,0
739350,0.2983333333333334,0
740250,0.24833333333333335,0
741150,0.2833333333333333,0
742050,0.295,0
742950,0.5716666666666668,0
743850,0.6433333333333333,0
744750,0.44,0
745650,0.29333333333333333,0
746550,0.38833333333333336,0
747450,0.42166708343752607,0
748350,0.385,0
749250,0.33,0
750150,0.4216666666666667,0
751050,0.295,0
751950,0.49,0
752850,0.5183333333333333,0
753750,0.7566666666666666,0
754650,0.43,0
755550,0.7916666666666666,0
756450,0.6950000000000001,0
757350,0.76,0
758250,0.6616666666666667,0
759150,0.5266666666666667,0
760050,0.61,0
760950,0.7083338334833783,0
761850,0.6066666666666667,0
762750,0.7066666666666667,0
763650,0.5399999999999999,0
764550,0.5133333333333333,0
765450,0.6116666666666667,0
766350,0.5766666666666667,0
767250,0.5783333333333334,0
768150,0.4666666666666667,0
769050,0.3766666666666667,0
769950,0.40166666666666667,0
770850,0.5216666666666667,0
771750,0.43,0
772650,0.2966666666666667,0
773550,0.6316666666666666,0
774450,0.39499999999999996,0
775350,0.20500000000000002,0
776250,0.5633338334833784,0
777150,0.38833333333333336,0
778050,0.29333333333333333,0
778950,0.38333333333333336,0
779850,0.43166666666666664,0
780750,0.48333333333333334,0
781650,0.49333333333333335,0
782550,0.24666666666666667,0
783450,0.345,0
784350,0.49333333333333335,0
785250,0.43,0
786150,0.24166666666666667,0
787050,0.7133333333333334,0
787950,0.24166666666666667,0
788850,0.525,0
789750,0.385,0
790650,0.29333333333333333,0
791550,0.38333333333333336,0
792450,0.5316666666666667,0
793350,0.3816666666666667,0
794250,0.47,0
795150,0.24166666666666667,0
796050,0.24333333333333332,0
796950,0.525,0
797850,0.3383333333333333,0
798750,0.38833333333333336,0
799650,0.3266666666666667,0
800550,0.39666666666666667,0
801450,0.535,0
802350,0.475,0
803250,0.49833333333333335,0
804150,0.195,0
805050,0.4733333333333334,0
805950,0.15,0
806850,0.6166666666666667,0
807750,0.35500000000000004,0
808650,0.5166666666666667,0
809550,0.4266666666666667,0
810450,0.5283333333333333,0
811350,0.49000000000000005,0
812250,0.43499999999999994,0
813150,0.5283333333333333,0
814050,0.4266666666666667,0
814950,0.47,0
815850,0.455,0
816750,0.38833333333333336,0
817650,0.5383333333333334,0
818550,0.425,0
819450,0.24666708343752608,0
820350,0.38166666666666665,0
821250,0.565,0
822150,0.48000000000000004,0
823050,0.6783333333333333,0
823950,0.5399999999999999,0
824850,0.38833333333333336,0
825750,0.7200000000000001,0
826650,0.5383333333333333,0
827550,0.7266650011324673,0
828450,0.14833333333333334,0
829350,0.33666666666666667,0
830250,0.24833333333333335,0
831150,0.20666666666666667,0
832050,0.3383333333333333,0
832950,0.5333333333333333,0
833850,0.39166666666666666,0
834750,0.39,0
835650,0.39166666666666666,0
836550,0.4316666666666667,0
837450,0.48166666666666663,0
838350,0.38333333333333336,0
839250,0.5783333333333334,0
840150,0.635,0
841050,0.38833333333333336,0
841950,0.38334500291739604,0
842850,0.43833333333333335,0
843750,0.5333333333333333,0
844650,0.5266666666666667,0
845550,0.4816666666666667,0
846450,0.44166666666666665,0
847350,0.40166666666666667,0
848250,0.7433333333333334,0
849150,0.7266666666666667,0
850050,0.8300000000000001,0
850950,0.7683333333333333,0
851850,0.7833333333333333,0
852750,0.6016666666666667,0
853650,0.7233333333333333,0
854550,0.5383333333333334,0
855450,0.681680670867927,0
856350,0.685,0
857250,0.7016666666666667,0
858150,0.7316666666666667,0
859050,0.5033333333333333,0
859950,0.525,0
860850,0.7916666666666666,0
861750,0.5666666666666667,0
862650,0.7116666666666667,0
863550,0.5383430019337201,0
864450,0.6233333333333333,0
865350,0.20666666666666667,0
866250,0.4616666666666667,0
867150,0.45666666666666667,0
868050,0.33,0
868950,0.5133333333333333,0
869850,0.745,0
870750,0.5733333333333334,0
871650,0.6333333333333333,0
872550,0.7316666666666667,0
873450,0.44833333333333336,0
874350,0.4033333333333334,0
875250,0.5583333333333333,0
876150,0.7533333333333334,0
877050,0.7416670834375261,0
877950,0.9483333333333334,0
878850,0.43333333333333335,0
879750,0.49000000000000005,0
880650,0.45833333333333337,0
881550,0.5333333333333333,0
882450,0.75,0
883350,0.4716666666666667,0
884250,0.7083445861465366,0
885150,0.5166666666666667,0
886050,0.5233333333333333,0
886950,0.4966666666666667,0
887850,0.6283333333333334,0
888750,0.48500000000000004,0
889650,0.8466573351996267,0
890550,0.39501166958406275,0
891450,0.39333333333333337,0
892350,0.2966666666666667,0
893250,0.28500000000000003,0
894150,0.3766666666666667,0
895050,0.545,0
895950,0.43833333333333335,0
896850,0.6233333333333333,0
897750,0.43333333333333335,0
898650,0.715,0
899550,0.6416666666666667,0
900450,0.635,0
901350,0.9083333333333333,0
902250,0.5683333333333334,0
903150,0.8283333333333334,0
904050,0.8266666666666667,0
904950,0.5950000000000001,0
905850,0.6916666666666667,0
906750,0.8083333333333333,0
907650,0.46,0
908550,0.555,0
909450,0.625,0
910350,0.6,0
911250,0.5166666666666667,0
912150,0.19333333333333333,0
913050,0.20500000000000002,0
913950,0.44333333333333336,0
914850,0.49833333333333335,0
915750,0.3983333333333334,0
916650,0.525,0
917550,0.3433333333333334,0
918450,0.5316666666666666,0
919350,0.5266666666666667,0
920250,0.5700090018003601,0
921150,0.7966666666666666,0
922050,0.3316711671167117,0
922950,0.825,0
923850,0.865,0
924750,0.7716666666666667,0
925650,0.8533333333333334,0
926550,0.7033333333333334,0
927450,0.615,0
928350,0.5883473375345937,0
929250,0.7866666666666667,0
930150,0.9716666666666668,0
931050,0.3950000000000001,0
931950,0.315,0
932850,0.24833333333333335,0
933750,0.6549999999999999,0
934650,0.85,0
935550,0.5700000000000001,0
936450,0.495,0
937350,0.67,0
938250,0.44666666666666666,0
939150,0.5983333333333333,0
940050,0.6633333333333334,0
940950,0.3383333333333333,0
941850,0.43833333333333335,0
942750,0.49166666666666664,0
943650,0.325,0
944550,0.4033333333333334,0
945450,0.8283333333333334,0
946350,0.29500000000000004,0
947250,0.3466666666666667,0
948150,0.4816666666666667,0
949050,0.5433333333333333,0
949950,0.5083333333333333,0
950850,0.56,0
951750,0.5316666666666666,0
952650,0.6766666666666666,0
953550,0.345,0
954450,0.41166666666666674,0
955350,0.3983478376846387,0
956250,0.53,0
957150,0.5666666666666667,0
958050,0.5700000000000001,0
958950,0.4766666666666666,0
959850,0.23666666666666666,0
960750,0.5883333333333334,0
961650,0.5183333333333333,0
962550,0.3983333333333334,0
963450,0.3516666666666667,0
964350,0.3366763352670534,0
965250,0.5716666666666667,0
966150,0.65,0
967050,0.47833333333333333,0
967950,0.4,0
968850,0.7766666666666667,0
969750,0.5950000000000001,0
970650,0.15666666666666668,0
971550,0.5433333333333333,0
972450,0.2533333333333333,0
973350,0.52,0
974250,0.4766666666666666,0
975150,0.345,0
976050,0.5950000000000001,0
976950,0.6233478376846388,0
977850,0.5366666666666667,0
978750,0.725,0
979650,0.39333333333333337,0
980550,0.245,0
981450,0.31166666666666665,0
982350,0.2966666666666667,0
983250,0.19499999999999998,0
984150,0.14333333333333334,0
985050,0.24833333333333335,0
985950,0.5316666666666667,0
986850,0.405,0
987750,0.44333333333333336,0
988650,0.5783450029173961,0
989550,0.3383333333333333,0
990450,0.5866666666666667,0
991350,0.5416666666666666,0
992250,0.7316670000666801,0
993150,0.5966666666666666,0
994050,0.9816666666666667,0
994950,0.4,0
995850,0.5583333333333333,0
996750,0.7333333333333333,0
997650,0.425,0
998550,0.42666666666666664,0
999450,0.2916666666666667,0
1000350,0.43,0
1001250,0.6233333333333333,0
1002150,0.5700000000000001,0
1003050,0.7333430019337202,0
1003950,0.75,0
1004850,0.48833333333333334,0
1005750,0.62,0
1006650,0.4733333333333334,0
1007550,0.48000000000000004,0
1008450,0.2966666666666667,0
1009350,0.4866666666666667,0
1010250,0.7300000000000001,0
1011150,0.5983333333333333,0
1012050,0.6416666666666667,0
1012950,0.24500000000000002,0
1013850,0.6183333333333334,0
1014750,0.24166666666666667,0
1015650,0.6783333333333333,0
1016550,0.6950000000000001,0
1017450,0.5383333333333334,0
1018350,0.49166666666666675,0
1019250,0.5866666666666667,0
1020150,0.4766734176793186,0
1021050,0.53,0
1021950,0.7050000000000001,0
1022850,0.3766666666666667,0
1023750,0.20833333333333334,0
1024650,0.435,0
1025550,0.33666666666666667,0
1026450,0.575,0
1027350,0.24000000000000002,0
1028250,0.34666708343752606,0
1029150,0.39666666666666667,0
1030050,0.3783333333333333,0
1030950,0.4266666666666667,0
1031850,0.24833333333333335,0
1032750,0.09833333333333334,0
1033650,0.14500000000000002,0
1034550,0.3383333333333333,0
1035450,0.25333333333333335,0
1036350,0.18833333333333332,0
1037250,0.2916666666666667,0
1038150,0.33,0
1039050,0.44166666666666665,0
1039950,0.28833333333333333,0
1040850,0.31,0
1041750,0.3383333333333333,0
1042650,0.2983333333333333,0
1043550,0.42833333333333334,0
1044450,0.5266666666666667,0
1045350,0.745,0
1046250,0.515,0
1047150,0.5766666666666667,0
1048050,0.48833333333333334,0
1048950,0.2383333333333333,0
1049850,0.2750116695840627,0
1050750,0.425,0
1051650,0.33,0
1052550,0.24166666666666667,0
1053450,0.3783333333333333,0
1054350,0.3783333333333333,0
1055250,0.24833333333333335,0
1056150,0.3316666666666667,0
1057050,0.10333333333333333,0
1057950,0.5883333333333333,0
1058850,0.6116666666666667,0
1059750,0.6549999999999999,0
1060650,0.65,0
1061550,0.7383333333333334,0
1062450,0.8483333333333333,0
1063350,0.38666666666666666,0
1064250,0.3866666666666667,0
1065150,0.25000000000000006,0
1066050,0.35833333333333334,0
1066950,0.9566666666666667,0
1067850,0.7283333333333334,0
1068750,0.735,0
1069650,0.8116666666666668,0
1070550,0.6316666666666667,0
1071450,0.2533333333333333,0
1072350,0.44000000000000006,0
1073250,0.39333333333333337,0
1074150,0.425,0
1075050,0.9666666666666667,0
1075950,0.28500000000000003,0
1076850,0.3866666666666667,0
1077750,0.7666666666666667,0
1078650,0.345,0
1079550,0.645,0
1080450,0.6966666666666668,0
1081350,0.9733333333333333,0
1082250,0.49000000000000005,0
1083150,0.59,0
1084050,1.0083333333333333,0
1084950,0.62,0
1085850,0.7400000000000001,0
1086750,0.6816666666666666,0
1087650,0.6383333333333334,0
1088550,0.5483333333333333,0
1089450,0.7733333333333333,0
1090350,0.645,0
1091250,0.5399999999999999,0
1092150,0.435,0
1093050,0.7383333333333334,0
1093950,0.6933333333333334,0
1094850,0.41166666666666674,0
1095750,0.5816666666666668,0
1096650,0.675,0
1097550,0.35333333333333333,0
1098450,0.6266666666666667,0
1099350,0.5633333333333332,0
1100250,0.535,0
1101150,0.36833333333333335,0
1102050,0.35333333333333333,0
1102950,0.66,0
1103850,0.6466666666666667,0
1104750,0.8166666666666667,0
1105650,0.8683333333333334,0
1106550,0.8800093352003735,0
1107450,0.6366666666666667,0
1108350,0.8183333333333334,0
1109250,0.8233333333333335,0
1110150,0.59,0
1111050,0.7200000000000001,0
1111950,0.4866666666666667,0
1112850,0.265,0
1113750,0.8733333333333333,0
1114650,0.7516666666666667,0
1115550,0.5183336667333467,0
1116450,0.43333333333333335,0
1117350,0.435,0
1118250,0.6799999999999999,0
1119150,0.39166666666666666,0
1120050,0.39666666666666667,0
1120950,0.5399999999999999,0
1121850,0.5333333333333333,0
1122750,0.3783333333333333,0
1123650,0.30666666666666664,0
1124550,0.28833333333333333,0
1125450,0.345,0
1126350,0.635,0
1127250,0.5783333333333334,0
1128150,0.255,0
1129050,0.5483333333333333,0
1129950,0.3566666666666667,0
1130850,0.7883333333333334,0
1131750,0.31,0
1132650,0.4033333333333333,0
1133550,0.43,0
1134450,0.48333333333333334,0
1135350,0.3933333333333333,0
1136250,0.585007003384016,0
1137150,0.6766666666666666,0
1138050,0.7466666666666667,0
1138950,0.20333333333333334,0
1139850,0.5433333333333333,0
1140750,0.34,0
1141650,0.6033333333333334,0
1142550,0.6066666666666667,0
1143450,0.5216666666666667,0
1144350,0.6783333333333333,0
1145250,0.6016713338000467,0
1146150,0.6333333333333333,0
1147050,0.29500000000000004,0
1147950,0.38666666666666666,0
1148850,0.625,0
1149750,0.38666666666666666,0
1150650,0.7966666666666666,0
1151550,0.5266711671167117,0
1152450,0.6783333333333333,0
1153350,0.4533333333333333,0
1154250,0.25833333333333336,0
1155150,0.9183333333333333,0
1156050,0.825,0
1156950,0.5800000000000001,0
1157850,0.5350145043513054,0
1158750,0.6833333333333333,0
1159650,0.43833333333333335,0
1160550,0.6066666666666667,0
1161450,0.5716666666666667,0
1162350,0.33999999999999997,0
1163250,0.635,0
1164150,0.45,0
1165050,0.4716684185060981,0
1165950,0.8766666666666667,0
1166850,0.68,0
1167750,0.45,0
1168650,0.6333333333333333,0
1169550,0.625,0
1170450,0.46,0
1171350,0.39501750612714454,0
1172250,0.775,0
1173150,0.43666666666666665,0
1174050,0.5816666666666667,0
1174950,0.4483333333333333,0
1175850,0.5399999999999999,0
1176750,0.5399999999999999,0
1177650,0.2966666666666667,0
1178550,0.6733333333333333,0
1179450,0.7766666666666667,0
1180350,0.5250145043513054,0
1181250,0.5399999999999999,0
1182150,0.5766666666666667,0
1183050,0.3416666666666667,0
1183950,0.33666666666666667,0
1184850,0.3766666666666667,0
1185750,0.3416666666666667,0
1186650,0.33166666666666667,0
1187550,0.15333333333333332,0
1188450,0.38333333333333336,0
1189350,0.44000000000000006,0
1190250,0.5816666666666667,0
1191150,0.535,0
1192050,0.49001000200040007,0
1192950,0.4366666666666667,0
1193850,0.39333333333333337,0
1194750,0.785,0
1195650,0.6233333333333333,0
1196550,0.7732817182817183,0
1197450,0.48333333333333334,0
1198350,0.635,0
1199250,0.825,0
1200150,0.7416666666666667,0
1201050,0.735,0
1201950,0.5416666666666666,0
1202850,0.5933333333333334,0
1203750,0.40166666666666667,0
1204650,0.7783333333333334,0
1205550,0.6783333333333333,0
1206450,0.2983333333333333,0
1207350,0.8683333333333334,0
1208250,0.2966666666666667,0
1209150,0.5483473375345937,0
1210050,0.6383333333333334,0
1210950,0.5466666666666667,0
1211850,0.58,0
1212750,0.8800000000000001,0
1213650,0.55,0
1214550,0.4850116695840627,0
1215450,0.685,0
1216350,0.48833333333333334,0
1217250,0.685,0
1218150,0.305,0
1219050,0.8183333333333334,0
1219950,0.26166666666666666,0
1220850,0.7383333333333334,0
1221750,0.675,0
1222650,0.666680670867927,0
1223550,0.8816666666666666,0
1224450,0.62,0
1225350,0.8616666666666667,0
1226250,0.775,0
1227150,0.785,0
1228050,0.305,0
1228950,0.78,0
1229850,0.6183333333333334,0
1230750,0.29668067086792704,0
1231650,0.5383333333333334,0
1232550,0.44333333333333336,0
1233450,0.39,0
1234350,0.4966666666666667,0
1235250,0.295,0
1236150,0.5283333333333333,0
1237050,0.19666666666666668,0
1237950,0.19166666666666668,0
1238850,0.47833333333333333,0
1239750,0.34,0
1240650,0.3433333333333334,0
1241550,0.24166666666666667,0
1242450,0.29333333333333333,0
1243350,0.29333333333333333,0
1244250,0.42833333333333334,0
1245150,0.23666666666666666,0
1246050,0.24333333333333335,0
1246950,0.5233333333333333,0
1247850,0.6300000000000001,0
1248750,0.67,0
1249650,0.7616666666666667,0
1250550,0.6066666666666667,0
1251450,0.4766666666666667,0
1252350,0.5183333333333333,0
1253250,0.5566666666666666,0
1254150,0.4233333333333334,0
1255050,0.23999999999999996,0
1255950,0.33666666666666667,0
1256850,0.06333333333333334,0
1257750,0.39,0
1258650,0.5316666666666667,0
1259550,0.535,0
1260450,0.48000000000000004,0
1261350,0.6133333333333334,0
1262250,0.495,0
1263150,0.33666666666666667,0
1264050,0.6116666666666667,0
1264950,0.5716666666666667,0
1265850,0.521667083437526,0
1266750,0.47999966673332,0
1267650,0.7083333333333334,0
1268550,0.5416666666666666,0
1269450,0.5166666666666667,0
1270350,0.48333333333333334,0
1271250,0.6066666666666667,0
1272150,0.815,0
1273050,0.48666666666666664,0
1273950,0.7550003334000134,0
1274850,0.5700000000000001,0
1275750,0.7083333333333334,0
1276650,0.7983333333333333,0
1277550,0.43833333333333335,0
1278450,0.5266666666666666,0
1279350,0.515,0
1280250,0.8816666666666666,0
1281150,0.625,0
1282050,0.43333333333333335,0
1282950,0.2816666666666667,0
1283850,0.39499999999999996,0
1284750,0.4716666666666667,0
1285650,0.10333333333333335,0
1286550,0.5283333333333333,0
1287450,0.29500000000000004,0
1288350,0.4233333333333334,0
1289250,0.4033333333333334,0
1290150,0.43333333333333335,0
1291050,0.7216666666666668,0
1291950,0.19499999999999998,0
1292850,0.3483333333333334,0
1293750,0.24000000000000002,0
1294650,0.4483454196882554,0
1295550,0.25000000000000006,0
1296450,0.14166666666666666,0
1297350,0.2816666666666666,0
1298250,0.2916666666666667,0
1299150,0.525,0
1300050,0.39666666666666667,0
1300950,0.4383436687337468,0
1301850,0.5783333333333334,0
1302750,0.2966666666666667,0
1303650,0.45,0
1304550,0.25000000000000006,0
1305450,0.43,0
1306350,0.38333333333333336,0
1307250,0.4266666666666667,0
1308150,0.43166666666666664,0
1309050,0.29168067086792704,0
1309950,0.43333333333333335,0
1310850,0.2866666666666667,0
1311750,0.09666666666666666,0
1312650,0.19499999999999998,0
1313550,0.2,0
1314450,0.39,0
1315350,0.4083333333333333,0
1316250,0.4683333333333333,0
1317150,0.475,0
1318050,0.6366666666666667,0
1318950,0.5183333333333333,0
1319850,0.765,0
1320750,0.755,0
1321650,0.795,0
1322550,0.6583333333333333,0
1323450,0.6216666666666666,0
1324350,0.5283333333333333,0
1325250,0.615,0
1326150,0.76,0
1327050,0.5683333333333334,0
1327950,0.6716666666666666,0
1328850,0.61,0
1329750,0.53,0
1330650,0.495,0
1331550,0.5166666666666667,0
1332450,0.14666666666666667,0
1333350,0.515,0
1334250,0.5183333333333333,0
1335150,0.5700000000000001,0
1336050,0.32833333333333337,0
1336950,0.4233333333333334,0
1337850,0.38666666666666666,0
1338750,0.48167391775432983,0
1339650,0.29333333333333333,0
1340550,0.43833333333333335,0
1341450,0.6633333333333333,0
1342350,0.5766666666666667,0
1343250,0.33666666666666667,0
1344150,0.2383333333333333,0
1345050,0.305,0
1345950,0.41000000000000003,0
1346850,0.3433333333333334,0
1347750,0.38166666666666665,0
1348650,0.20166666666666666,0
1349550,0.545,0
1350450,0.35,0
1351350,0.39333333333333337,0
1352250,0.3933454196882554,0
1353150,0.2933333333333333,0
1354050,0.19833333333333333,0
1354950,0.29000000000000004,0
1355850,0.47333333333333333,0
1356750,0.3466666666666667,0
1357650,0.6116666666666667,0
1358550,0.61,0
1359450,0.7016666666666667,0
1360350,0.5616666666666668,0
1361250,0.6116531707154521,0
1362150,0.5733333333333334,0
1363050,0.2966666666666667,0
1363950,0.33999999999999997,0
1364850,0.39166666666666666,0
1365750,0.38999999999999996,0
1366650,0.39166666666666666,0
1367550,0.48166666666666663,0
1368450,0.47,0
1369350,0.565,0
1370250,0.565,0
1371150,0.37,0
1372050,0.42833333333333334,0
1372950,0.26,0
1373850,0.255,0
1374750,0.3416666666666667,0
1375650,0.3,0
1376550,0.2916666666666667,0
1377450,0.35,0
1378350,0.6816666666666668,0
1379250,0.53,0
1380150,0.43333333333333335,0
1381050,0.6783333333333333,0
1381950,0.5683333333333334,0
1382850,0.38833333333333336,0
1383750,0.3383333333333333,0
1384650,0.7216666666666668,0
1385550,0.5416666666666666,0
1386450,0.255,0
1387350,0.5750625782227785,0
1388250,0.5950000000000001,0
1389150,0.51,0
1390050,0.38666666666666666,0
1390950,0.5916666666666667,0
1391850,0.435,0
1392750,0.7216666666666668,0
1393650,0.48500000000000004,0
1394550,0.5850000000000001,0
1395450,0.5783338334833784,0
1396350,0.25000000000000006,0
1397250,0.2916666666666667,0
1398150,0.5850000000000001,0
1399050,0.3433333333333334,0
1399950,0.2866666666666667,0
1400850,0.35333333333333333,0
1401750,0.56,0
1402650,0.30833333333333335,0
1403550,0.3466666666666667,0
1404450,0.295,0
1405350,0.38499999999999995,0
1406250,0.5316666666666666,0
1407150,0.39333333333333337,0
1408050,0.4266666666666667,0
1408950,0.1,0
1409850,0.4533333333333333,0
1410750,0.24000000000000002,0
1411650,0.3283333333333333,0
1412550,0.285,0
1413450,0.18666666666666665,0
1414350,0.29,0
1415250,0.3866760018670401,0
1416150,0.35171388205659715,0
1417050,0.43166666666666664,0
1417950,0.38333333333333336,0
1418850,0.42666666666666664,0
1419750,0.345,0
1420650,0.3333333333333333,0
1421550,0.15,0
1422450,0.20333333333333334,0
1423350,0.2033333333333333,0
1424250,0.5216666666666666,0
1425150,0.14666666666666667,0
1426050,0.385,0
1426950,0.29000000000000004,0
1427850,0.19166666666666668,0
1428750,0.38499999999999995,0
1429650,0.23833333333333334,0
1430550,0.4516666666666667,0
1431450,0.5316666666666667,0
1432350,0.43666666666666665,0
1433250,0.3433333333333334,0
1434150,0.14833333333333334,0
1435050,0.48666666666666664,0
1435950,0.2833333333333333,0
1436850,0.28833333333333333,0
1437750,0.28500000000000003,0
1438650,0.20666666666666667,0
1439550,0.24500000000000002,0
1440450,0.39666666666666667,0
1441350,0.39,0
1442250,0.4216666666666667,0
1443150,0.66,0
1444050,0.425,0
1444950,0.2816666666666666,0
1445850,0.3333333333333333,0
1446750,0.245,0
1447650,0.5216666666666667,0
1448550,0.5166666666666667,0
1449450,0.375,0
1450350,0.4816666666666667,0
1451250,0.5716666666666668,0
1452150,0.38999999999999996,0
1453050,0.5316666666666666,0
1453950,0.38,0
1454850,0.5950000000000001,0
1455750,0.5166666666666667,0
1456650,0.43166666666666664,0
1457550,0.055,0
1458450,0.35,0
1459350,0.2916666666666667,0
1460250,0.3583408344585021,0
1461150,0.25,0
1462050,0.535,0
1462950,0.3,0
1463850,0.33666666666666667,0
1464750,0.48833333333333334,0
1465650,0.3416666666666667,0
1466550,0.43,0
1467450,0.42833333333333334,0
1468350,0.19333333333333333,0
1469250,0.24166666666666667,0
1470150,0.38999999999999996,0
1471050,0.43333333333333335,0
1471950,0.53,0
1472850,0.25333333333333335,0
1473750,0.4783333333333334,0
1474650,0.6166666666666667,0
1475550,0.36333333333333334,0
1476450,0.5233333333333333,0
1477350,0.6016666666666667,0
1478250,0.425,0
1479150,0.5700000000000001,0
1480050,0.295,0
1480950,0.30333333333333334,0
1481850,0.37833333333333335,0
1482750,0.26,0
1483650,0.21000000000000002,0
1484550,0.21333333333333335,0
1485450,0.3416666666666667,0
1486350,0.4233333333333334,0
1487250,0.5733333333333334,0
1488150,0.28500000000000003,0
1489050,0.3783333333333333,0
1489950,0.3016666666666667,0
1490850,0.15333333333333332,0
1491750,0.19,0
1492650,0.3716666666666667,0
1493550,0.6116666666666666,0
1494450,0.43,0
1495350,0.5549999999999999,0
1496250,0.9149999999999999,0
1497150,0.6266666666666667,0
1498050,0.9366666666666668,0
1498950,0.47333333333333333,0
1499850,0.4266666666666667,0
1500750,0.3783333333333333,0
1501650,0.5333333333333333,0
1502550,0.38833333333333336,0
1503450,0.6533333333333334,0
1504350,0.615,0
1505250,0.2033333333333333,0
1506150,0.33,0
1507050,0.33,0
1507950,0.5183333333333333,0
1508850,0.6650046671333799,0
1509750,0.39,0
1510650,0.52,0
1511550,0.39333333333333337,0
1512450,0.38833333333333336,0
1513350,0.43666666666666665,0
1514250,0.26166666666666666,0
1515150,0.3266666666666667,0
1516050,0.47167301011881885,0
1516950,0.4733333333333334,0
1517850,0.5333333333333333,0
1518750,0.5266666666666667,0
1519650,0.32500033340001333,0
1520550,0.4716666666666667,0
1521450,0.4316666666666667,0
1522350,0.74,0
1523250,0.4766666666666667,0
1524150,0.385,0
1525050,0.5183468373845487,0
1525950,0.8,0
1526850,0.5633333333333332,0
1527750,0.4816666666666667,0
1528650,0.5950000000000001,0
1529550,0.42666666666666664,0
1530450,0.5116666666666667,0
1531350,0.9333333333333333,0
1532250,0.61,0
1533150,0.3433333333333334,0
1534050,0.43,0
1534950,0.6183333333333334,0
1535850,0.44333333333333336,0
1536750,0.4683333333333334,0
1537650,0.4783333333333334,0
1538550,0.6066666666666667,0
1539450,0.6616666666666667,0
1540350,0.45,0
1541250,0.28500000000000003,0
1542150,0.29,0
1543050,0.39666666666666667,0
1543950,0.3433333333333334,0
1544850,0.28,0
1545750,0.24833333333333335,0
1546650,0.19,0
1547550,0.335,0
1548450,0.28500000000000003,0
1549350,0.2116666666666667,0
1550250,0.1,0
1551150,0.38499999999999995,0
1552050,0.24333333333333332,0
1552950,0.4683333333333334,0
1553850,0.335,0
1554750,0.3333333333333333,0
1555650,0.23833333333333334,0
1556550,0.345,0
1557450,0.5283333333333333,0
1558350,0.18833333333333335,0
1559250,0.33166666666666667,0
1560150,0.095,0
1561050,0.4516666666666667,0
1561950,0.3383333333333333,0
1562850,0.23833333333333334,0
1563750,0.11166666666666666,0
1564650,0.4283286671332867,0
1565550,0.23833333333333334,0
1566450,0.48000000000000004,0
1567350,0.10666666666666667,0
1568250,0.0933473375345937,0
1569150,0.37833333333333335,0
1570050,0.3333333333333333,0
1570950,0.15333333333333335,0
1571850,0.3783333333333333,0
1572750,0.25000000000000006,0
1573650,0.095,0
1574550,0.28833333333333333,0
1575450,0.24500000000000002,0
1576350,0.16833333333333333,0
1577250,0.43,0
1578150,0.26,0
1579050,0.515,0
1579950,0.3416666666666667,0
1580850,0.19333333333333333,0
1581750,0.3766666666666667,0
1582650,0.335,0
1583550,0.34166666666666673,0
1584450,0.30333333333333334,0
1585350,0.2,0
1586250,0.29,0
1587150,0.49166666666666664,0
1588050,0.29333333333333333,0
1588950,0.4533333333333333,0
1589850,0.575,0
1590750,0.38333333333333336,0
1591650,0.2866666666666667,0
1592550,0.3,0
1593450,0.3266666666666667,0
1594350,0.10166666666666667,0
1595250,0.14333333333333334,0
1596150,0.385,0
1597050,0.4166666666666667,0
1597950,0.5116666666666666,0
1598850,0.43666666666666665,0
1599750,0.4516666666666667,0
1600650,0.2816666666666666,0
1601550,0.18666666666666665,0
1602450,0.33666666666666667,0
1603350,0.48333333333333334,0
1604250,0.5666666666666667,0
1605150,0.56,0
1606050,0.525,0
1606950,0.5633333333333334,0
1607850,0.43666666666666665,0
1608750,0.4216666666666667,0
1609650,0.425,0
1610550,0.47000000000000003,0
1611450,0.42833333333333334,0
1612350,0.435,0
1613250,0.56,0
1614150,0.39,0
1615050,0.2983333333333334,0
1615950,0.33,0
1616850,0.30333333333333334,0
1617750,0.3333333333333333,0
1618650,0.38333333333333336,0
1619550,0.4733333333333334,0
1620450,0.345,0
1621350,0.34,0
1622250,0.245,0
1623150,0.42833333333333334,0
1624050,0.29000000000000004,0
1624950,0.19,0
1625850,0.15166666666666667,0
1626750,0.5733333333333334,0
1627650,0.5916666666666667,0
1628550,0.38333333333333336,0
1629450,0.3566666666666667,0
1630350,0.5683333333333334,0
1631250,0.43333333333333335,0
1632150,0.38666666666666666,0
1633050,0.34833333333333333,0
1633950,0.43,0
1634850,0.3066666666666667,0
1635750,0.38999999999999996,0
1636650,0.14670636707868354,0
1637550,0.43833333333333335,0
1638450,0.2916666666666667,0
1639350,0.19166666666666668,0
1640250,0.52,0
1641150,0.2966666666666667,0
1642050,0.48666666666666664,0
1642950,0.2866666666666667,0
1643850,0.3383333333333333,0
1644750,0.43,0
1645650,0.33166666666666667,0
1646550,0.43833333333333335,0
1647450,0.5716666666666667,0
1648350,0.48666666666666664,0
1649250,0.425,0
1650150,0.3266666666666667,0
1651050,0.335,0
1651950,0.3383333333333333,0
1652850,0.4283333333333334,0
1653750,0.5183333333333333,0
1654650,0.3383333333333333,0
1655550,0.24333333333333335,0
1656450,0.3,0
1657350,0.29500000000000004,0
1658250,0.5316666666666667,0
1659150,0.20500000000000002,0
1660050,0.2966666666666667,0
1660950,0.3333333333333333,0
1661850,0.1033473375345937,0
1662750,0.24666666666666667,0
1663650,0.24166666666666667,0
1664550,0.2983333333333333,0
1665450,0.2,0
1666350,0.18666666666666665,0
1667250,0.3,0
1668150,0.5166666666666667,0
1669050,0.3783333333333333,0
1669950,0.255,0
1670850,0.39166666666666666,0
1671750,0.2833333333333333,0
1672650,0.4266666666666667,0
1673550,0.1,0
1674450,0.42833333333333334,0
1675350,0.3716666666666667,0
1676250,0.43,0
1677150,0.4366760018670401,0
1678050,0.48000000000000004,0
1678950,0.3433333333333334,0
1679850,0.3783333333333333,0
1680750,0.38,0
1681650,0.48166666666666663,0
1682550,0.24166666666666667,0
1683450,0.19166666666666668,0
1684350,0.33,0
1685250,0.44666666666666666,0
1686150,0.335,0
1687050,0.42833333333333334,0
1687950,0.425,0
1688850,0.33999999999999997,0
1689750,0.09833383348337835,0
1690650,0.195,0
1691550,0.43,0
1692450,0.29,0
1693350,0.29500000000000004,0
1694250,0.29000000000000004,0
1695150,0.3516666666666667,0
1696050,0.38833333333333336,0
1696950,0.555,0
1697850,0.475,0
1698750,0.24166666666666667,0
1699650,0.38333333333333336,0
1700550,0.6116666666666666,0
1701450,0.2916666666666667,0
1702350,0.385,0
1703250,0.24833333333333335,0
1704150,0.2966666666666667,0
1705050,0.38,0
1705950,0.38334266853370674,0
1706850,0.33,0
1707750,0.2983333333333334,0
1708650,0.33499999999999996,0
1709550,0.38333333333333336,0
1710450,0.29333333333333333,0
1711350,0.26333333333333336,0
1712250,0.49,0
1713150,0.38166666666666665,0
1714050,0.48666666666666664,0
1714950,0.335,0
1715850,0.56,0
1716750,0.3783216695826043,0
1717650,0.38,0
1718550,0.3783333333333333,0
1719450,0.475,0
1720350,0.42999999999999994,0
1721250,0.3416666666666667,0
1722150,0.24500000000000002,0
1723050,0.39,0
1723950,0.33,0
1724850,0.3416666666666667,0
1725750,0.38333333333333336,0
1726650,0.5283333333333333,0
1727550,0.21166666666666664,0
1728450,0.42,0
1729350,0.605,0
1730250,0.33166666666666667,0
1731150,0.6133333333333334,0
1732050,0.605,0
1732950,0.5233333333333333,0
1733850,0.5666666666666667,0
1734750,0.525,0
1735650,0.5716666666666667,0
1736550,0.24166666666666667,0
1737450,0.2966666666666667,0
1738350,0.19333333333333333,0
1739250,0.3333333333333333,0
1740150,0.4316666666666667,0
1741050,0.4316666666666667,0
1741950,0.29333333333333333,0
1742850,0.5233333333333333,0
1743750,0.38333333333333336,0
1744650,0.5166666666666667,0
1745550,0.5666666666666667,0
1746450,0.325,0
1747350,0.5216666666666667,0
1748250,0.19833333333333333,0
1749150,0.4216666666666667,0
1750050,0.6183333333333334,0
1750950,0.3333333333333333,0
1751850,0.3016666666666667,0
1752750,0.15,0
1753650,0.2816666666666666,0
1754550,0.5666783362507294,0
1755450,0.3783333333333333,0
1756350,0.385,0
1757250,0.6616666666666667,0
1758150,0.4766666666666667,0
1759050,0.44166666666666665,0
1759950,0.28833333333333333,0
1760850,0.5266666666666667,0
1761750,0.39666666666666667,0
1762650,0.2866666666666667,0
1763550,0.375,0
1764450,0.385,0
1765350,0.4683333333333334,0
1766250,0.29000000000000004,0
1767150,0.20333333333333334,0
1768050,0.30833333333333335,0
1768950,0.6699999999999999,0
1769850,0.6166666666666667,0
1770750,0.61,0
1771650,0.8016666666666666,0
1772550,0.655,0
1773450,0.6566666666666666,0
1774350,0.6616666666666667,0
1775250,0.7066666666666667,0
1776150,0.70499100179964,0
1777050,0.8033333333333332,0
1777950,0.66,0
1778850,0.7,0
1779750,0.62167791947987,0
1780650,0.6033333333333334,0
1781550,0.6266666666666667,0
1782450,0.5716666666666667,0
1783350,0.705,0
1784250,0.7016666666666667,0
1785150,0.38,0
1786050,0.66,0
1786950,0.6649999999999999,0
1787850,0.565,0
1788750,0.4316666666666667,0
1789650,0.8516666666666667,0
1790550,0.61,0
1791450,1.0066736677168242,0
1792350,0.8433333333333334,0
1793250,0.7833333333333333,0
1794150,0.5399999999999999,0
1795050,0.7333333333333333,0
1795950,0.43666666666666665,0
1796850,0.3316666666666667,0
1797750,0.5233336667333467,0
1798650,0.3816666666666667,0
1799550,0.6549999999999999,0
1800450,0.33,0
1801350,0.5233333333333333,0
1802250,0.5633333333333332,0
1803150,0.29333333333333333,0
1804050,0.52,0
1804950,0.5183333333333333,0
1805850,0.44,0
1806750,0.5333333333333333,0
1807650,0.15166666666666667,0
1808550,0.5616666666666668,0
1809450,0.3416666666666667,0
1810350,0.30333333333333334,0
1811250,0.23833333333333334,0
1812150,0.38333333333333336,0
1813050,0.4733333333333334,0
1813950,0.5333333333333333,0
1814850,0.43,0
1815750,0.38333333333333336,0
1816650,0.475,0
1817550,0.5766666666666667,0
1818450,0.38999999999999996,0
1819350,0.4766666666666666,0
1820250,0.4666666666666667,0
1821150,0.3416666666666667,0
1822050,0.43666666666666665,0
1822950,0.19333333333333333,0
1823850,0.43333333333333335,0
1824750,0.4233333333333333,0
1825650,0.5316666666666667,0
1826550,0.38999999999999996,0
1827450,0.4433336667333467,0
1828350,0.515,0
1829250,0.20166666666666666,0
1830150,0.5266666666666667,0
1831050,0.5616666666666668,0
1831950,0.20000000000000004,0
1832850,0.3333333333333333,0
1833750,0.23833333333333334,0
1834650,0.28833333333333333,0
1835550,0.38166666666666665,0
1836450,0.23999999999999996,0
1837350,0.41333333333333333,0
1838250,0.295,0
1839150,0.33166666666666667,0
1840050,0.5316666666666667,0
1840950,0.43166666666666664,0
1841850,0.6699903352662802,0
1842750,0.43,0
1843650,0.24000000000000002,0
1844550,0.43333333333333335,0
1845450,0.5666573351996268,0
1846350,0.2816666666666666,0
1847250,0.24833333333333335,0
1848150,0.615,0
1849050,0.5116666666666666,0
1849950,0.08166666666666665,0
1850850,0.33,0
1851750,0.6133333333333333,0
1852650,0.53,0
1853550,0.7083333333333334,0
1854450,0.475,0
1855350,0.6566666666666666,0
1856250,0.8616783362507293,0
1857150,0.5216666666666667,0
1858050,0.7033333333333334,0
1858950,0.5183333333333333,0
1859850,0.61,0
1860750,0.5166666666666667,0
1861650,0.46499999999999997,0
1862550,0.5700112528132032,0
1863450,0.6933333333333334,0
1864350,0.2983333333333333,0
1865250,0.42666666666666664,0
1866150,0.565,0
1867050,0.61,0
1867950,0.6233333333333333,0
1868850,0.8383333333333333,0
1869750,0.7883333333333334,0
1870650,0.6166666666666667,0
1871550,0.98,0
1872450,0.570004500450045,0
1873350,0.5233333333333333,0
1874250,0.7466666666666666,0
1875150,0.8916666666666667,0
1876050,0.7466666666666666,0
1876950,0.5283330000666534,0
1877850,0.76,0
1878750,0.88,0
1879650,0.925,0
1880550,0.495,0
1881450,0.8133333333333332,0
1882350,0.8566666666666667,0
1883250,0.4216666666666667,0
1884150,0.6066666666666667,0
1885050,0.47333333333333333,0
1885950,0.3783333333333333,0
1886850,0.6633333333333333,0
1887750,0.5167756619059551,0
1888650,0.87,0
1889550,0.6983333333333334,0
1890450,0.5316666666666666,0
1891350,0.43666666666666665,0
1892250,0.5750140042012605,0
1893150,0.525,0
1894050,0.46499999999999997,0
1894950,0.625,0
1895850,0.19,0
1896750,0.5566666666666666,0
1897650,0.3483333333333334,0
1898550,0.48500000000000004,0
1899450,0.5566666666666666,0
1900350,0.470000166683335,0
1901250,0.38333333333333336,0
1902150,0.29,0
1903050,0.3816666666666667,0
1903950,0.33666666666666667,0
1904850,0.24333333333333332,0
1905750,0.425,0
1906650,0.16166666666666665,0
1907550,0.565,0
1908450,0.24166666666666667,0
1909350,0.33999999999999997,0
1910250,0.47333333333333333,0
1911150,0.23666666666666666,0
1912050,0.33166666666666667,0
1912950,0.38833333333333336,0
1913850,0.33,0
1914750,0.5683333333333334,0
1915650,0.43333333333333335,0
1916550,0.4266666666666667,0
1917450,0.46499999999999997,0
1918350,0.475,0
1919250,0.46499999999999997,0
1920150,0.6616666666666667,0
1921050,0.565,0
1921950,0.53,0
1922850,0.38,0
1923750,0.3766666666666667,0
1924650,0.6483333333333333,0
1925550,0.38666666666666666,0
1926450,0.5266666666666667,0
1927350,0.3333333333333333,0
1928250,0.48333333333333334,0
1929150,0.43,0
1930050,0.425,0
1930950,0.565,0
1931850,0.335,0
1932750,0.655,0
1933650,0.38499999999999995,0
1934550,0.47333333333333333,0
1935450,0.41998650404878535,0
1936350,0.20500000000000002,0
1937250,0.5583333333333333,0
1938150,0.375,0
1939050,0.3416666666666667,0
1939950,0.43,0
1940850,0.4216666666666667,0
1941750,0.48500000000000004,0
1942650,0.33,0
1943550,0.7633333333333333,0
1944450,0.39166666666666666,0
1945350,0.30666666666666664,0
1946250,0.7133333333333333,0
1947150,0.47833333333333333,0
1948050,0.43833333333333335,0
1948950,0.6133333333333333,0
1949850,0.34500000000000003,0
1950750,0.3800116695840627,0
1951650,0.19833333333333333,0
1952550,0.33,0
1953450,0.47833333333333333,0
1954350,0.7016666666666667,0
1955250,0.4266666666666667,0
1956150,0.37,0
1957050,0.47,0
1957950,0.38166666666666665,0
1958850,0.38,0
1959750,0.6649999999999999,0
1960650,0.38333333333333336,0
1961550,0.28833333333333333,0
1962450,0.53,0
1963350,0.4266666666666667,0
1964250,0.6983445861465366,0
1965150,0.3283333333333333,0
1966050,0.3783333333333333,0
1966950,0.425,0
1967850,0.6983333333333334,0
1968750,0.7116666666666667,0
1969650,0.675,0
1970550,0.675,0
1971450,0.7133196689329268,0
1972350,0.8533333333333334,0
1973250,0.7050000000000001,0
1974150,0.425,0
1975050,0.5716806708679271,0
1975950,0.48166666666666663,0
1976850,0.25166666666666665,0
1977750,0.43166666666666664,0
1978650,0.24333333333333332,0
1979550,0.5116666666666666,0
1980450,0.5233333333333333,0
1981350,0.2983333333333334,0
1982250,0.2866666666666667,0
1983150,0.3783333333333333,0
1984050,0.2833333333333333,0
1984950,0.43833333333333335,0
1985850,0.33666666666666667,0
1986750,0.2916666666666667,0
1987650,0.4716666666666667,0
1988550,0.33999999999999997,0
1989450,0.575,0
1990350,0.3783333333333333,0
1991250,0.3433333333333334,0
1992150,0.3383333333333333,0
1993050,0.4316666666666667,0
1993950,0.48000000000000004,0
1994850,0.4816666666666667,0
1995750,0.34,0
1996650,0.39499999999999996,0
1997550,0.525,0
1998450,0.19666666666666668,0
1999350,0.4766666666666667,0
2000250,0.2883403343834908,0
2001150,0.6466666666666667,0
2002050,0.24833333333333335,0
2002950,0.20333333333333334,0
2003850,0.38333333333333336,0
2004750,0.43333333333333335,0
2005650,0.15166666666666667,0
2006550,0.29,0
2007450,0.290004833816715,0
2008350,0.47833333333333333,0
2009250,0.29,0
2010150,0.3283333333333333,0
2011050,0.42833333333333334,0
2011950,0.425,0
2012850,0.10833333333333335,0
2013750,0.5183333333333333,0
2014650,0.2,0
2015550,0.19166666666666668,0
2016450,0.3783333333333333,0
2017350,0.2816666666666666,0
2018250,0.48500000000000004,0
2019150,0.465,0
2020050,0.19666666666666668,0
2020950,0.24333333333333332,0
2021850,0.345,0
2022750,0.3283333333333333,0
2023650,0.6666666666666666,0
2024550,0.47333333333333333,0
2025450,0.535,0
2026350,0.435,0
2027250,0.39333333333333337,0
2028150,0.335,0
2029050,0.25833375010419274,0
2029950,0.24166666666666667,0
2030850,0.6802080000000001,0
2031750,0.2466666666666667,0
2032650,0.34333333333333343,0
2033550,0.3316666666666668,0
2034450,0.34666666666666673,0
2035350,0.34500000000000003,0
2036250,0.3866666666666667,0
2037150,0.2883333333333334,0
2038050,0.33333333333333337,0
2038950,0.48333333333333345,0
2039850,0.24333333333333337,0
2040750,0.3933333333333334,0
2041650,0.2016666666666667,0
2042550,0.3400000000000001,0
2043450,0.4900000000000001,0
2044350,0.24500000000000005,0
2045250,0.48333333333333345,0
2046150,0.4116666666666668,0
2047050,0.8833400843459853,0
2047950,0.42166666666666675,0
2048850,0.38000000000000006,0
2049750,0.42333333333333345,0
2050650,0.4000000000000001,0
2051550,0.2816666666666667,0
2052450,0.5200000000000001,0
2053350,0.6200000000000002,0
2054250,0.4033333333333334,0
2055150,0.3366666666666667,0
2056050,0.4950000000000001,0
2056950,0.280006751012652,0
2057850,0.5833333333333335,0
2058750,0.43167366771682425,0
2059650,0.5783333333333335,0
2060550,0.24333333333333337,0
2061450,0.5300000000000001,0
2062350,0.43166666666666675,0
2063250,0.38166666666666677,0
2064150,0.43166666666666675,0
2065050,0.47833333333333344,0
2065950,0.23333333333333336,0
2066850,0.24000000000000007,0
2067750,0.1966666666666667,0
2068650,0.5283333333333334,0
2069550,0.38166666666666677,0
2070450,0.3316666666666668,0
2071350,0.5233333333333334,0
2072250,0.48833333333333345,0
2073150,0.38666666666666677,0
2074050,0.4016666666666667,0
2074950,0.15833333333333335,0
2075850,0.5783333333333335,0
2076750,0.4350000000000001,0
2077650,0.4433333333333334,0
2078550,0.29333333333333333,0
2079450,0.29333333333333333,0
2080350,0.4116666666666668,0
2081250,0.5316666666666667,0
2082150,0.38166666666666677,0
2083050,0.3116666666666667,0
2083950,0.1966666666666667,0
2084850,0.4350000000000001,0
2085750,0.2566666666666667,0
2086650,0.3916666666666667,0
2087550,0.20333333333333334,0
2088450,0.3916666666666667,0
2089350,0.37833333333333335,0
2090250,0.5350000000000001,0
2091150,0.3533333333333334,0
2092050,0.47333333333333344,0
2092950,0.2933333333333334,0
2093850,0.43166666666666675,0
2094750,0.3366666666666667,0
2095650,0.4016666666666667,0
2096550,0.38666666666666677,0
2097450,0.42833333333333345,0
2098350,0.47500000000000014,0
2099250,0.5766666666666668,0
2100150,0.3400000000000001,0
2101050,0.5750000000000001,0
2101950,0.5616666666666669,0
2102850,0.37833333333333347,0
2103750,0.3366666666666668,0
2104650,0.7966666666666669,0
2105550,0.5516666666666669,0
2106450,0.5683333333333335,0
2107350,0.7400000000000002,0
2108250,0.42666666666666675,0
2109150,0.6583333333333334,0
2110050,0.47666666666666674,0
2110950,0.5683333333333335,0
2111850,0.38166666666666677,0
2112750,0.43666666666666676,0
2113650,0.6149998333499984,0
2114550,0.37000000000000005,0
2115450,0.4033337501041928,0
2116350,0.37666666666666676,0
2117250,0.3833333333333334,0
2118150,0.48166666666666674,0
2119050,0.25333333333333335,0
2119950,0.43666666666666676,0
2120850,0.34166666666666673,0
2121750,0.43333333333333346,0
2122650,0.15333333333333338,0
2123550,0.10666666666666669,0
2124450,0.3916666666666667,0
2125350,0.24166666666666672,0
2126250,0.2466666666666667,0
2127150,0.24666666666666673,0
2128050,0.33000000000000007,0
2128950,0.24333333333333337,0
2129850,0.2483333333333334,0
2130750,0.5833333333333335,0
2131650,0.5800000000000001,0
2132550,0.2833333333333334,0
2133450,0.43333333333333346,0
2134350,0.4383333333333334,0
2135250,0.37833333333333347,0
2136150,0.5683333333333335,0
2137050,0.24000050015004507,0
2137950,0.4100000000000001,0
2138850,0.4050000000000001,0
2139750,0.25500000000000006,0
2140650,0.34166666666666673,0
2141550,0.5316666666666667,0
2142450,0.37666666666666676,0
2143350,0.6116666666666668,0
2144250,0.42500000000000004,0
2145150,0.5733333333333335,0
2146050,0.32500000000000007,0
2146950,0.1916666666666667,0
2147850,0.25500000000000006,0
2148750,0.1416666666666667,0
2149650,0.24833333333333338,0
2150550,0.4716666666666668,0
2151450,0.5266666666666667,0
2152350,0.3833333333333334,0
2153250,0.47666666666666674,0
2154150,0.30166666666666675,0
2155050,0.3933333333333334,0
2155950,0.5400000000000001,0
2156850,0.6200000000000002,0
2157750,0.24500000000000005,0
2158650,0.4400000000000001,0
2159550,0.24666716681671172,0
2160450,0.3166666666666667,0
2161350,0.3400000000000001,0
2162250,0.48666666666666675,0
2163150,0.38333333333333347,0
2164050,0.21000000000000002,0
2164950,0.35333333333333344,0
2165850,0.44500000000000006,0
2166750,0.33833333333333343,0
2167650,0.3916666666666667,0
2168550,0.47666666666666674,0
2169450,0.47833333333333344,0
2170350,0.1466666666666667,0
2171250,0.34666666666666673,0
2172150,0.30000000000000004,0
2173050,0.2466666666666667,0
2173950,0.3916666666666667,0
2174850,0.4600000000000001,0
2175750,0.3550000000000001,0
2176650,0.47500000000000014,0
2177550,0.6716666666666667,0
2178450,0.44500000000000006,0
2179350,0.5333333333333334,0
2180250,0.7716666666666668,0
2181150,0.6850000000000002,0
2182050,0.5233333333333334,0
2182950,0.24500000000000005,0
2183850,0.2850000000000001,0
2184750,0.2816666666666667,0
2185650,0.2033333333333334,0
2186550,0.34166666666666673,0
2187450,0.1966666666666667,0
2188350,0.05166666666666667,0
2189250,0.33833333333333343,0
2190150,0.34500000000000003,0
2191050,0.4850000000000001,0
2191950,0.2833333333333334,0
2192850,0.39833333333333343,0
2193750,0.28666666666666674,0
2194650,0.35166666666666674,0
2195550,0.4433333333333334,0
2196450,0.3083333333333334,0
2197350,0.25500000000000006,0
2198250,0.4466666666666667,0
2199150,0.44166666666666676,0
2200050,0.25500000000000006,0
2200950,0.2933333333333334,0
2201850,0.5500000000000002,0
2202750,0.5850000000000002,0
2203650,0.2066666666666667,0
2204550,0.20166666666666672,0
2205450,0.4433333333333334,0
2206350,0.5666666666666668,0
2207250,0.38000000000000006,0
2208150,0.3316666666666668,0
2209050,0.37666666666666676,0
2209950,0.23500000000000004,0
2210850,0.3916666666666667,0
2211750,0.24166666666666672,0
2212650,0.19833333333333336,0
2213550,0.10000000000000002,0
2214450,0.5916666666666668,0
2215350,0.42166666666666675,0
2216250,0.39000000000000007,0
2217150,0.7550000000000002,0
2218050,0.3400000000000001,0
2218950,0.3366666666666667,0
2219850,0.42666666666666675,0
2220750,0.43166666666666675,0
2221650,0.38500000000000006,0
2222550,0.5700000000000002,0
2223450,0.29500000000000004,0
2224350,0.38500000000000006,0
2225250,0.3966666666666667,0
2226150,0.1466666666666667,0
2227050,0.2833333333333334,0
2227950,0.28666666666666674,0
2228850,0.42666666666666675,0
2229750,0.42833333333333345,0
2230650,0.2516666666666667,0
2231550,0.3783473375345938,0
2232450,0.43000000000000005,0
2233350,0.48166666666666674,0
2234250,0.29333333333333333,0
2235150,0.2516666666666667,0
2236050,0.3966666666666667,0
2236950,0.4383333333333334,0
2237850,0.3366666666666667,0
2238750,0.3450000000000001,0
2239650,0.2933333333333334,0
2240550,0.24333333333333337,0
2241450,0.2566666666666667,0
2242350,0.4400000000000001,0
2243250,0.24833333333333338,0
2244150,0.23500000000000004,0
2245050,0.2900000000000001,0
2245950,0.35168117101797214,0
2246850,0.23833333333333337,0
2247750,0.28666666666666674,0
2248650,0.4050000000000001,0
2249550,0.09833333333333336,0
2250450,0.34166666666666673,0
2251350,0.2566666666666667,0
2252250,0.5400000000000001,0
2253150,0.33833333333333343,0
2254050,0.1466666666666667,0
2254950,0.3033333333333334,0
2255850,0.28666666666666674,0
2256750,0.3350000000000001,0
2257650,0.3350000000000001,0
2258550,0.4800000000000001,0
2259450,0.3400000000000001,0
2260350,0.3033333333333334,0
2261250,0.24000000000000007,0
2262150,0.38166666666666677,0
2263050,0.30166666666666675,0
2263950,0.3866666666666667,0
2264850,0.20833333333333337,0
2265750,0.33000000000000007,0
2266650,0.2916835892562398,0
2267550,0.4833333333333334,0
2268450,0.38500000000000006,0
2269350,0.3400000000000001,0
2270250,0.25333333333333335,0
2271150,0.34666666666666673,0
2272050,0.4983333333333334,0
2272950,0.6966666666666669,0
2273850,0.23666666666666672,0
2274750,0.4150000000000001,0
2275650,0.1416666666666667,0
2276550,0.1516666666666667,0
2277450,0.5866666666666668,0
2278350,0.34666666666666673,0
2279250,0.4800000000000001,0
2280150,0.38666666666666677,0
2281050,0.5716666666666668,0
2281950,0.47833333333333344,0
2282850,0.3150000000000001,0
2283750,0.4900000000000001,0
2284650,0.34166666666666673,0
2285550,0.4400000000000001,0
2286450,0.5100000000000001,0
2287350,0.5300000000000001,0
2288250,0.6900000000000001,0
2289150,0.6300000000000002,0
2290050,0.5050000000000001,0
2290950,0.6933333333333335,0
2291850,0.5333333333333334,0
2292750,0.8700000000000002,0
2293650,1.0933333333333335,0
2294550,1.5233333333333337,1
2295450,1.5966666666666671,1
2296350,1.6750000000000003,1
2297250,1.7516666666666671,1
2298150,1.591666666666667,1
2299050,1.6400000000000003,1
2299950,2.1116666666666672,1
2300850,1.6616666666666668,1
2301750,1.581666666666667,1
2302650,1.7333543396352242,1
2303550,1.8783333333333336,1
2304450,1.4750000000000003,1
2305350,1.9383333333333337,1
2306250,1.5700000000000003,1
2307150,1.9316666666666673,1
2308050,2.0183333333333335,1
2308950,1.6900000000000004,1
2309850,1.6683338334833786,1
2310750,1.8733333333333337,1
2311650,1.4483333333333337,1
2312550,1.7050000000000005,1
2313450,1.6500000000000001,1
2314350,1.6616666666666668,1
2315250,1.3383333333333336,1
2316150,1.7366871728185127,1
2317050,1.8133333333333337,1
2317950,1.8833333333333335,1
2318850,1.776666666666667,1
2319750,1.5366666666666668,1
2320650,1.7050000000000005,1
2321550,1.5350000000000004,1
2322450,1.5483333333333336,1
2323350,1.941666666666667,1
2324250,1.1900112516877535,1
2325150,1.8583333333333338,1
2326050,1.2650000000000003,1
2326950,1.6550000000000002,1
2327850,1.7416666666666671,1
2328750,1.7150000000000003,1
2329650,1.7350000000000003,1
2330550,1.5050000000000003,1
2331450,1.7300000000000004,1
2332350,1.5833333333333335,1
2333250,1.7416666666666671,1
2334150,1.4983333333333337,1
2335050,1.9450000000000005,1
2335950,1.3900000000000003,1
2336850,1.1133333333333335,1
2337750,1.816666666666667,1
2338650,1.576666666666667,1
2339550,1.256666666666667,1
2340450,1.9333333333333338,1
2341350,1.8950000000000005,1
2342250,1.8866666666666672,1
2343150,2.196666666666667,1
2344050,1.931666666666667,1
2344950,1.676666666666667,1
2345850,1.7000360093024909,1
2346750,1.7800000000000005,1
2347650,1.8100000000000003,1
2348550,1.5483333333333336,1
2349450,1.8650000000000004,1
2350350,1.5950000000000002,1
2351250,1.5233333333333337,1
2352150,1.621666666666667,1
2353050,1.5983333333333336,1
2353950,1.4633543396352242,1
2354850,1.9000000000000006,1
2355750,1.7200000000000002,1
2356650,1.5966666666666671,1
2357550,2.2433333333333336,1
2358450,1.4000000000000001,1
2359350,2.0950000000000006,1
2360250,1.6650000000000003,1
2361150,1.7883333333333338,1
2362050,2.0183333333333335,1
2362950,1.5100000000000005,1
2363850,1.928333333333334,1
2364750,1.4583333333333335,1
2365650,1.6633333333333338,1
2366550,1.466666666666667,1
2367450,1.6700000000000004,1
2368350,1.7250000000000005,1
2369250,1.8083333333333338,1
2370150,1.7516666666666671,1
2371050,1.5216666666666672,1
2371950,2.128333333333334,1
2372850,1.5200000000000002,1
2373750,1.5216666666666672,1
2374650,1.8250000000000004,1
2375550,1.8683222615766555,1
2376450,1.4700000000000002,1
2377350,1.3600000000000003,1
2378250,1.736666666666667,1
2379150,1.4233333333333336,1
2380050,1.5983333333333336,1
2380950,1.3850000000000002,1
2381850,1.7166666666666672,1
2382750,1.6033333333333337,1
2383650,1.6800000000000004,1
2384550,1.4300000000000002,1
2385450,1.3900000000000003,1
2386350,1.7133333333333338,1
2387250,1.4333333333333336,1
2388150,1.7100000000000004,1
2389050,1.5933333333333337,1
2389950,1.7833743456370248,1
2390850,1.5900000000000003,1
2391750,1.236666666666667,1
2392650,1.5783333333333336,1
2393550,1.9116666666666668,1
2394450,1.3300000000000003,1
2395350,1.9950000000000006,1
2396250,1.366666666666667,1
2397150,1.5350073340667403,1
2398050,1.5233333333333337,1
2398950,1.6466666666666672,1
2399850,1.9083333333333339,1
2400750,1.5583333333333336,1
2401650,1.6683333333333337,1
2402550,1.7916681671168022,1
2403450,2.043333333333334,1
2404350,1.5166666666666668,1
2405250,1.6616666666666668,1
2406150,1.601666666666667,1
2407050,1.7183333333333337,1
2407950,1.3950000000000002,1
2408850,1.816666666666667,1
2409750,1.9000000000000006,1
2410650,1.3850000000000005,1
2411550,1.5650000000000004,1
2412450,2.2050000000000005,1
2413350,1.781666666666667,1
2414250,1.8500000000000005,1
2415150,2.048333333333334,1
2416050,2.173333333333334,1
2416950,1.6233333333333337,1
2417850,1.6650000000000003,1
2418750,1.7300000000000004,1
2419650,1.3916666666666668,1
2420550,1.816666666666667,1
2421450,1.7100000000000004,1
2422350,1.6700000000000004,1
2423250,1.776666666666667,1
2424150,1.7216666666666671,1
2425050,1.9883333333333337,1
2425950,1.914982087811381,1
2426850,1.831666666666667,1
2427750,1.7416666666666671,1
2428650,1.3883333333333334,1
2429550,2.0816676669667573,1
2430450,1.6433333333333338,1
2431350,1.8599723388655607,1
2432250,1.8033333333333337,1
2433150,1.806666666666667,1
2434050,2.001666666666667,1
2434950,1.7233340001333604,1
2435850,1.8766666666666671,1
2436750,2.031666666666667,1
2437650,1.7516666666666671,1
2438550,1.466666666666667,1
2439450,1.4633328334083224,1
2440350,1.4950000000000003,1
2441250,1.9850000000000003,1
2442150,1.7233333333333336,1
2443050,1.3850107516127423,1
2443950,1.3766666666666671,1
2444850,1.7450076674334103,1
2445750,1.2750000000000001,1
2446650,1.5283333333333335,1
2447550,1.7450000000000003,1
2448450,1.8083333333333338,1
2449350,1.31,1
2450250,2.015,1
2451150,1.7433323336332438,1
2452050,1.8750112516877535,1
2452950,2.363322584945592,1
2453850,1.7400076674334104,1
2454750,1.7283333333333337,1
2455650,1.3900000000000003,1
2456550,1.8533333333333337,1
2457450,1.7883333333333338,1
2458350,1.9366491710405738,1
2459250,1.3650000000000004,1
2460150,2.124979006298111,1
2461050,1.576666666666667,1
2461950,1.8383333333333338,1
2462850,1.4600000000000002,1
2463750,1.8133543396352243,1
2464650,1.3550000000000002,1
2465550,1.5333333333333337,1
2466450,1.7050000000000005,1
2467350,1.5966666666666671,1
2468250,1.8233333333333337,1
2469150,1.5033333333333336,1
2470050,1.4900000000000004,1
2470950,1.3800000000000001,1
2471850,1.6483333333333337,1
2472750,1.5966666666666671,1
2473650,1.561666666666667,1
2474550,2.1300000000000003,1
2475450,1.9750000000000005,1
2476350,1.7166666666666672,1
2477250,1.8466666666666671,1
2478150,1.4450000000000003,1
2479050,1.5283333333333335,1
2479950,1.5100000000000005,1
2480850,1.981666666666667,1
2481750,1.5100000000000005,1
2482650,1.6100000000000003,1
2483550,2.1949995001499554,1
2484450,1.5233333333333337,1
2485350,1.586666666666667,1
2486250,2.1000000000000005,1
2487150,1.8066736673667372,1
2488050,1.9300000000000004,1
2488950,1.7383333333333337,1
2489850,1.3166666666666669,1
2490750,1.8050000000000004,1
2491650,1.6700000000000004,1
2492550,1.601666666666667,1
2493450,1.466666666666667,1
2494350,1.656666666666667,1
2495250,1.6683333333333337,1
2496150,1.706666666666667,1
2497050,1.4650070007000702,1
2497950,1.386666666666667,1
2498850,1.6466666666666672,1
2499750,1.7083333333333335,1
2500650,1.561666666666667,1
2501550,1.676666666666667,1
2502450,1.9483333333333337,1
2503350,1.4950000000000003,1
2504250,1.8933508377094277,1
2505150,1.3550000000000002,1
2506050,1.4183333333333337,1
2506950,1.7699931673499318,1
2507850,1.711666666666667,1
2508750,1.6433333333333338,1
2509650,1.686666666666667,1
2510550,2.040000501416672,1
2511450,1.731666666666667,1
2512350,1.9866911752446694,1
2513250,1.4533333333333336,1
2514150,1.9200000000000006,1
2515050,1.756666666666667,1
2515950,1.8800000000000003,1
2516850,2.1066666666666674,1
2517750,1.8483333333333336,1
2518650,1.5500010003000904,1
2519550,1.4700000000000002,1
2520450,1.6900000000000004,1
2521350,1.8233333333333337,1
2522250,1.6016516696660672,1
2523150,1.6033333333333337,1
2524050,1.736666666666667,1
2524950,1.6583512544802872,1
2525850,1.5200000000000002,1
2526750,1.5416837542719015,1
2527650,2.1750000000000003,1
2528550,1.7200000000000002,1
2529450,1.511666666666667,1
2530350,1.526666666666667,1
2531250,2.001666666666667,1
2532150,1.523354339635224,1
2533050,1.8766666666666671,1
2533950,1.466666666666667,1
2534850,1.7050000000000005,1
2535750,1.6483333333333337,1
2536650,2.0533333333333337,1
2537550,1.7183333333333337,1
2538450,1.3800000000000001,1
2539350,1.776666666666667,1
2540250,1.7916666666666672,1
2541150,1.3933333333333338,1
2542050,2.0050000000000003,1
2542950,1.1233333333333337,1
2543850,1.796666666666667,1
2544750,1.656666666666667,1
2545650,1.4483333333333337,1
2546550,1.7933333333333337,1
2547450,1.366666666666667,1
2548350,1.931666666666667,1
2549250,1.9150000000000003,1
2550150,1.8750000000000004,1
2551050,1.526666666666667,1
2551950,1.509974925442762,1
2552850,1.9933333333333336,1
2553750,1.676666666666667,1
2554650,1.7083508377094276,1
2555550,2.096666666666667,1
2556450,1.401666666666667,1
2557350,0.2983333333333334,0
2558250,0.33833333333333343,0
2559150,0.3366666666666667,0
2560050,0.45500000000000007,0
2560950,0.29500000000000004,0
2561850,0.3916666666666667,0
2562750,0.38000000000000006,0
2563650,0.23833333333333337,0
2564550,0.3350223456054765,0
2565450,0.38833316668333173,0
2566350,0.3066666666666667,0
2567250,0.19500000000000003,0
2568150,0.38666666666666677,0
2569050,0.29500000000000004,0
2569950,0.3766801707178821,0
2570850,0.37500000000000006,0
2571750,0.18833333333333338,0
2572650,0.5566666666666668,0
2573550,0.23666666666666672,0
2574450,0.10333333333333335,0
2575350,0.09833375010419274,0
2576250,0.6116666666666668,0
2577150,0.4350000000000001,0
2578050,0.3350000000000001,0
2578950,0.42666666666666675,0
2579850,0.1166666666666667,0
2580750,0.2883333333333334,0
2581650,0.29333333333333333,0
2582550,0.32666666666666677,0
2583450,0.2916811710179721,0
2584350,0.09666666666666669,0
2585250,0.1966666666666667,0
2586150,0.48666666666666675,0
2587050,0.5266666666666668,0
2587950,0.23833333333333337,0
2588850,0.29666666666666675,0
2589750,0.5400000000000001,0
2590650,0.44166716681671175,0
2591550,0.1966666666666667,0
2592000,0.0,0
